Locus_Tag,Protein Name,KO_IDs_list,log2FC,KEGG_Pathways_list,Tags_list,Subcategories,Confidence_Score,Notes
BFJEKD_03555,Carbon starvation protein A (CstA),K06200,-6.56138416244649,ABC transporters,"membrane transporter, carbon starvation, stress response",['Toxin-Antitoxin & Phage Defense'],High,Well annotated transporter involved in carbon starvation response; important for stress-related expression analysis.
BFJEKD_05475,hypothetical protein,,-6.2336385160339,,"hypothetical protein, unknown function",['Secretion & Transport Systems'],Low,No functional annotation or domain detected; excluded from functional grouping and DE analysis.
BFJEKD_03550,Formate acetyltransferase (Pyruvate formate lyase),K00656,-5.82538204306489,Pyruvate metabolism,"pyruvate metabolism, anaerobic fermentation, acetyltransferase, energy metabolism","['Protein Folding, Quality Control & Stress Response']",High,"Complete annotation with KO, EC, GO, COG, and PFAM domains consistent with pyruvate formate lyase function; suitable for grouping under anaerobic energy metabolism."
BFJEKD_15100,L-aspartate oxidase,K00278,-5.50723951463311,Nicotinate and nicotinamide metabolism,"NAD biosynthesis, oxidoreductase, energy metabolism, L-aspartate oxidation",['Unknown & Hypothetical Proteins'],High,Well-annotated enzyme involved in NAD biosynthesis and energy metabolism.
BFJEKD_15105,quinolinate synthase NadA,K03517,-5.21766967213577,Nicotinate and nicotinamide metabolism,"NAD biosynthesis, coenzyme metabolism, ligase enzyme",['Secretion & Transport Systems'],High,"Complete annotation with KO, EC, GO, and PFAM consistent; key enzyme in NAD biosynthesis pathway."
BFJEKD_05480,Permease of the drug/metabolite transporter (DMT) superfamily,,-5.03744979401629,,"membrane transporter, DMT superfamily, permease, solute transport",['Secretion & Transport Systems'],Medium,Predicted transporter of drug/metabolite substrates; no KO or EC available; important for transport-related functional grouping.
BFJEKD_03075,Permease of the drug/metabolite transporter (DMT) superfamily,,-4.57995972648689,,"membrane transporter, drug/metabolite transporter, DMT superfamily",['Gluconeogenesis & Fructose Metabolism Enzyme'],Medium,"Likely involved in transport of small molecules across membrane; no KO or EC assigned, but domain and COG support transporter function."
BFJEKD_10700,co-chaperone GroES,K04078,-4.51156057563831,Protein processing in endoplasmic reticulum,"molecular chaperone, protein folding, stress response",['Secretion & Transport Systems'],High,"GroES acts as a co-chaperone with GroEL, important for protein folding under stress; relevant for grouping with chaperone systems and stress response."
BFJEKD_02630,phasin,,-4.49619599529261,,"PHA granule-associated protein, carbon storage",['DNA Recombination & Repair'],Low,"No KO, EC, or GO terms; function inferred from PFAM and COG; likely involved in polyhydroxyalkanoate granule stabilization."
BFJEKD_05980,Amidinotransferase,,-4.12842436055153,,"amidinotransferase, amino acid metabolism, enzyme","['Protein Folding, Quality Control & Stress Response']",Medium,No KO or EC assigned; annotation based on PFAM and GO terms; likely involved in amino acid metabolism but function needs experimental confirmation.
BFJEKD_15095,carboxylating nicotinate-nucleotide diphosphorylase,K00767,-3.74139665318118,Nicotinate and nicotinamide metabolism,"NAD biosynthesis, nicotinate metabolism, carboxylase, coenzyme metabolism",['Unknown & Hypothetical Proteins'],High,Complete and consistent annotation; involved in NAD biosynthesis pathway.
BFJEKD_02490,"MFS transporter, ACDE family, multidrug resistance protein",K08221,-3.72763083003396,ABC transporters,"membrane transporter, multidrug resistance, stress response",['Unknown & Hypothetical Proteins'],High,"Annotation supported by KO, PFAM domains, and GO terms indicating a multidrug resistance MFS transporter with universal stress protein domain; suitable for grouping under membrane transport and stress response."
BFJEKD_12300,Efflux transporter periplasmic adaptor subunit AcrA,"K03585, K18901, K19595",-3.7259673823285002,"ABC transporters, Bacterial secretion system","multidrug efflux, membrane transporter, membrane fusion protein",['Polyhydroxyalkanoates & Storage Lipids'],High,Strong annotation with multiple KO terms related to efflux systems; key component of RND-type multidrug efflux pumps; useful for grouping under antibiotic resistance and membrane transport.
BFJEKD_16570,sel1 repeat family protein,,-3.6946573544426,,"protein-protein interaction, scaffold protein, repeat protein",['Unknown & Hypothetical Proteins'],Low,"Minimal annotation; no KO, EC, or PFAM domains; function inferred from GO term and product name; low confidence for functional grouping."
BFJEKD_14310,Anaerobic ribonucleoside-triphosphate reductase (NrdD),K21636,-3.69429271615375,DNA replication,"ribonucleotide reductase, anaerobic metabolism, DNA replication, NrdD",['Carbon Concentrating & Fixation'],High,"Complete annotation with KO, EC, COG, PFAM and GO; key enzyme for anaerobic DNA synthesis; important for grouping DNA replication and anaerobic metabolism proteins."
BFJEKD_10585,ABC transporter substrate-binding protein,K01999,-3.6883890997019,ABC transporters,"ABC transporter, amino acid transport, substrate-binding protein, membrane transporter",['Cell Wall & Envelope Biogenesis'],High,"Complete annotation with KO, COG, GO, and PFAM consistent for branched-chain amino acid transport; no EC number as expected for transport proteins."
BFJEKD_15590,Ubiquinone/menaquinone biosynthesis C-methylase UbiE/MenG,K00297,-3.54073351656744,"Ubiquinone and other terpenoid-quinone biosynthesis, Folate biosynthesis","ubiquinone biosynthesis, methyltransferase, cofactor metabolism",['Amino Acid Biosynthesis'],Medium,KO corresponds to methylenetetrahydrofolate reductase; EC inferred from KO. Some GO terms may be general; protein likely multifunctional.
BFJEKD_08975,NAD(P)-dependent alcohol dehydrogenase,K05351,-3.53433168181654,"Pentose and glucuronate interconversions, Glycolysis / Gluconeogenesis","oxidoreductase, alcohol metabolism, NAD(P)-dependent enzyme",['Unknown & Hypothetical Proteins'],High,KO to EC mapping confirms EC number; involved in alcohol metabolism and energy production; relevant for metabolic pathway grouping.
BFJEKD_03780,"DNA-binding transcriptional regulator, MocR family",,-3.51260921870337,,"transcriptional regulator, MocR family, DNA-binding, aminotransferase domain, gene regulation",['Carbon Concentrating & Fixation'],Medium,No KO or EC assigned; GO terms and COG support transcriptional regulator function with aminotransferase domain. Useful for regulatory network analysis.
BFJEKD_15020,Alkyl hydroperoxide reductase subunit F (AhpF),K03387,-3.47287591690705,Glutathione metabolism,"oxidative stress response, peroxiredoxin, redox enzyme, antioxidant",['Secretion & Transport Systems'],High,"Strong annotation with KO, COG, PFAM, and extensive GO terms; key enzyme in peroxide detoxification; important for stress response grouping."
BFJEKD_12575,Nucleoside diphosphate kinase regulator (GreA/GreB family),K06140,-3.47036717183332,RNA polymerase,"transcription regulation, elongation factor, nucleotide metabolism",['Unknown & Hypothetical Proteins'],High,Functions as a transcription elongation factor and regulator of nucleoside diphosphate kinase; important for transcriptional regulation and nucleotide pool maintenance.
BFJEKD_12580,UDP-3-O-acyl-N-acetylglucosamine deacetylase (LpxC),K02535,-3.4556285536322,Lipopolysaccharide biosynthesis,"lipid A biosynthesis, lipopolysaccharide biosynthesis, metalloenzyme",['Unknown & Hypothetical Proteins'],High,"Key enzyme in lipid A biosynthesis, essential for outer membrane integrity; important for grouping in cell envelope and antibiotic target studies."
BFJEKD_08970,AraC-type DNA-binding domain-containing protein,,-3.359237083793,,"transcription regulator, DNA-binding, AraC family",['Polyhydroxyalkanoates & Storage Lipids'],High,"Well-annotated AraC family transcriptional regulator; important for gene expression control, useful for grouping under transcriptional regulation."
BFJEKD_15595,methylenetetrahydrofolate reductase [NAD(P)H],K00297,-3.29019704721929,Folate biosynthesis,"folate metabolism, methyltransferase, one-carbon metabolism",['Protein Processing & Degradation'],High,EC number 1.5.1.20 added from EC_2 field; KO and COG consistent. Important enzyme in folate and methionine metabolism.
BFJEKD_15155,hypothetical protein,,-3.23707719396698,,"hypothetical protein, unknown function",['Cell Wall & Envelope Biogenesis'],Low,No functional annotation or domain detected; likely uncharacterized protein.
BFJEKD_03775,Selenocysteine lyase / Cysteine desulfurase,,-3.23111744926663,,"amino acid metabolism, cysteine desulfurase, enzyme, sulfur metabolism",['Secretion & Transport Systems'],Medium,No KO or GO terms provided; EC inferred from known function of COG0520 and PFAM domain. Annotation is consistent with cysteine desulfurase activity.
BFJEKD_19445,DUF269 domain-containing protein,,-3.13772646854829,,"unknown function, DUF269",['Amino Acid Biosynthesis'],Low,No functional annotation available; domain of unknown function; treat as uncharacterized in downstream analyses.
BFJEKD_18725,Hypothetical Protein,,-3.12816060601935,,"hypothetical protein, unknown function",['Amino Acid Biosynthesis'],Low,No functional domains or annotations detected; treat as unknown for grouping and DE analysis.
BFJEKD_05015,tRNA-binding protein CsaA,K06878,-3.10128755556172,Aminoacyl-tRNA biosynthesis,"tRNA binding, translation, RNA processing",['Unknown & Hypothetical Proteins'],High,"Strong evidence from KO, GO, COG, and PFAM domains for function in tRNA binding and translation."
BFJEKD_15000,L-lactate dehydrogenase complex protein LldE,K18928,-3.01472212580259,Pyruvate metabolism,"oxidoreductase, lactate metabolism, energy production",['Polyhydroxyalkanoates & Storage Lipids'],Medium,KO indicates L-lactate dehydrogenase complex subunit; limited GO and EC data but domain and KO support oxidoreductase function; suitable for grouping in lactate metabolism.
BFJEKD_14145,Prokaryotic cytochrome b561,,-2.96863547562515,,"electron transport, membrane protein, cytochrome, respiration",['Amino Acid Biosynthesis'],Medium,No KO or EC assigned; annotation based on PFAM and GO terms indicating electron transport function; useful for grouping respiratory chain components.
BFJEKD_10155,Organic hydroperoxide reductase OsmC/OhrA,K04063,-2.96326035966833,Glutathione metabolism,"peroxiredoxin, antioxidant, oxidative stress response",['Secretion & Transport Systems'],High,KO K04063 and EC 1.11.1.28 confirm peroxiredoxin function. OsmC domain supports antioxidant role. Important for stress response grouping.
BFJEKD_05975,Ornithine--oxo-acid transaminase,K00819,-2.94818075843642,"Glycine, serine and threonine metabolism, Arginine and proline metabolism","amino acid metabolism, transaminase, ornithine metabolism",['Cell Wall & Envelope Biogenesis'],High,"Complete and consistent annotation with KO, EC, GO, COG, and PFAM; relevant for amino acid biosynthesis and metabolism studies."
BFJEKD_14865,DEAD/DEAH box helicase,K05592,-2.88830558243702,RNA degradation,"RNA helicase, RNA metabolism, ATP-dependent enzyme",['Amino Acid Biosynthesis'],High,KO and EC consistent; well-characterized helicase involved in RNA processing.
BFJEKD_13005,hypothetical protein,,-2.82181339680758,,"hypothetical protein, unknown function",['Toxin-Antitoxin & Phage Defense'],Low,No functional annotation or domain detected; likely uncharacterized protein.
BFJEKD_02325,Methyl-accepting chemotaxis protein (MCP),K03406,-2.81538574880078,Bacterial chemotaxis,"chemotaxis, signal transduction, membrane receptor",['Motility & Chemotaxis'],High,Well-annotated MCP involved in bacterial chemotaxis. KO and GO terms support function. Important for grouping motility-related genes.
BFJEKD_00740,Permease subunit MlaE of the ABC-type intermembrane phospholipid transporter Mla,K02066,-2.81151388797263,ABC transporters,"ABC transporter, phospholipid transport, membrane permease",['DNA Recombination & Repair'],High,Complete annotation with KO and GO terms consistent with ABC-type phospholipid transporter permease function; useful for membrane transport grouping.
BFJEKD_00145,TraK family protein,,-2.80391590796683,,"conjugation, plasmid transfer, type IV secretion system",['Mobile Genetic Elements & Plasmid'],Low,"No KO, GO, COG or PFAM annotations; product name suggests role in conjugative plasmid transfer."
BFJEKD_14365,WD40 repeat protein,,-2.80351205302418,,"protein binding, scaffold, WD40 repeat, signal transduction",['Cell Wall & Envelope Biogenesis'],Medium,WD40 repeat proteins typically serve as scaffolds for protein complexes; presence of Cytochrome C domain suggests possible electron transport or redox interaction but function unclear.
BFJEKD_12995,RNA polymerase sigma factor RpoH,K03089,-2.78129302036229,RNA polymerase,"transcription regulation, sigma factor, RNA polymerase",['Cell Wall & Envelope Biogenesis'],High,Well-annotated sigma factor involved in transcription initiation under heat shock conditions.
BFJEKD_17570,ATP-dependent RNA helicase RhlE,K11927,-2.71872900491165,RNA degradation,"RNA helicase, RNA metabolism, ATP-dependent enzyme",['Amino Acid Biosynthesis'],High,Complete and consistent annotation; important for RNA processing and degradation pathways.
BFJEKD_15015,Hypothetical protein with HicB domain,,-2.71451203652134,,"toxin-antitoxin system, antitoxin, transcriptional regulation",['Secretion & Transport Systems'],Low,Hypothetical protein with HicB domain suggests antitoxin function; limited annotation; useful for grouping toxin-antitoxin related genes.
BFJEKD_14100,23S rRNA (pseudouridine(1915)-N(3))-methyltransferase RlmH,K00783,-2.70768137095213,Aminoacyl-tRNA biosynthesis,"RNA modification, methyltransferase, ribosomal RNA, translation regulation",['Polyhydroxyalkanoates & Storage Lipids'],High,"Well-annotated RNA methyltransferase involved in rRNA modification, important for ribosome function and translation regulation. Useful for grouping in RNA processing and translation-related analyses."
BFJEKD_03715,bifunctional UDP-N-acetylglucosamine diphosphorylase/glucosamine-1-phosphate N-acetyltransferase GlmU,K04042,-2.65126437224365,Amino sugar and nucleotide sugar metabolism,"amino sugar biosynthesis, acetyltransferase, nucleotide sugar metabolism",['Protein Processing & Degradation'],High,Bifunctional enzyme catalyzing key steps in UDP-GlcNAc biosynthesis; strong domain and ontology support.
BFJEKD_08965,xylulokinase,K00854,-2.62789509772018,"Glycolysis / Gluconeogenesis, Pentose and glucuronate interconversions","carbohydrate metabolism, kinase, xylulose metabolism",['Cell Wall & Envelope Biogenesis'],High,"Complete and consistent annotation with KO, EC, GO, COG, and PFAM; key enzyme in pentose metabolism."
BFJEKD_14445,formimidoylglutamate deiminase,K05603,-2.62630770496745,Histidine metabolism,"amino acid metabolism, histidine degradation, amidohydrolase, deiminase",['Toxin-Antitoxin & Phage Defense'],High,Complete annotation; involved in histidine catabolism; important for amino acid metabolic pathway analysis.
BFJEKD_01385,Fe-S cluster assembly protein SufB,K09014,-2.62323840765242,ABC transporters; Iron-sulfur cluster assembly system,"Fe-S cluster assembly, iron-sulfur metabolism, metalloprotein",['Mobile Genetic Elements & Plasmid'],High,"SufB is a core component of the SUF system for Fe-S cluster biogenesis, essential under oxidative stress and iron limitation."
BFJEKD_02335,hydroxylamine reductase,K05601,-2.59709558195964,Nitrogen metabolism,"nitrogen metabolism, oxidoreductase, energy production",['Amino Acid Transport and Metabolism'],High,"Complete annotation with KO, EC, GO, and PFAM. Key enzyme in nitrogen metabolism, relevant for grouping and differential expression in nitrogen cycling."
BFJEKD_18710,Holin of 3 Transmembrane Segments,,-2.59552400468357,,"phage holin, membrane protein, gene transfer, cell lysis",['Secretion & Transport Systems'],High,Holin proteins form pores in membranes to facilitate gene transfer or phage release; important for phage-related functional grouping.
BFJEKD_01390,SUF system Fe-S cluster assembly regulator (IscR),,-2.55999060449829,,"transcriptional regulator, Fe-S cluster regulation, DNA-binding protein",['Mobile Genetic Elements & Plasmid'],High,"IscR regulates expression of Fe-S cluster assembly genes, linking Fe-S cluster status to transcriptional control."
BFJEKD_05010,Phasin protein,,-2.53397261972599,,"PHA granule-associated protein, carbon storage, polyhydroxyalkanoate",['Polyhydroxyalkanoates & Storage Lipids'],Medium,"Phasin proteins are associated with PHA granules; no KO or GO annotations available, but PFAM and COG support function."
BFJEKD_14650,microcystin degradation protein MlrC,,-2.52335862653923,,"microcystin degradation, toxin degradation, peptidase",['Unknown & Hypothetical Proteins'],Medium,Protein involved in microcystin toxin degradation; limited KEGG and GO annotations; COG category unknown function but PFAM domains support function; useful for grouping under toxin degradation.
BFJEKD_07465,"DNA-binding transcriptional regulator, MocR family",,-2.51857360425412,,"transcriptional regulator, MocR family, aminotransferase domain, DNA-binding",['Secretion & Transport Systems'],Medium,Annotation supported by COG and PFAM domains indicating a transcriptional regulator with enzymatic domain. No KO or EC limits pathway assignment. Useful for grouping under transcription regulation and amino acid metabolism.
BFJEKD_14995,L-lactate dehydrogenase complex protein LldF,K18929,-2.50365612959549,Pyruvate metabolism,"lactate metabolism, oxidoreductase complex, iron-sulfur protein",['Cell Wall & Envelope Biogenesis'],High,KO and GO terms support role in lactate metabolism; presence of Fe-S cluster domains consistent with electron transfer; good candidate for energy metabolism grouping.
BFJEKD_14215,Hypothetical protein,,-2.49833868816066,,"hypothetical protein, unknown function",['Secretion & Transport Systems'],Low,"No functional annotation available; no KO, EC, GO, COG, or PFAM data."
BFJEKD_09020,DUF2971 domain-containing protein,,-2.46809845730499,,"unknown function, DUF2971",['Amino Acid Biosynthesis'],Low,No functional annotation available beyond DUF2971 domain; treat as uncharacterized protein in grouping and DE analysis.
BFJEKD_12245,Uncharacterized protein,,-2.4516179042947,,unknown function,['Amino Acid Biosynthesis'],Low,No annotation or domain information available; sequence does not match known conserved domains.
BFJEKD_05970,Methyl-accepting chemotaxis protein (MCP),K03406,-2.42463982257897,Bacterial chemotaxis,"chemotaxis, signal transduction, membrane receptor",['Cell Wall & Envelope Biogenesis'],High,"Complete annotation with KO, COG, GO, and PFAM domains consistent with MCP function; suitable for grouping under chemotaxis and signal transduction."
BFJEKD_13680,Putative transposase IS4/5 family (DUF4096),,-2.41741934894631,,"transposase, mobile genetic element, IS4/5 family",['Carbon Concentrating & Fixation'],Medium,"Putative transposase with domain of unknown function (DUF4096); lacks KO, EC, GO, and COG annotations; annotation based on PFAM domain and product name."
BFJEKD_05165,Sulfotransferase,,-2.41722049420408,,"sulfotransferase, post-translational modification, metabolism",['Cell Wall & Envelope Biogenesis'],Medium,GO term supports sulfotransferase activity; no KO or EC available; sequence may help further annotation.
BFJEKD_19665,Response regulator (CheY homolog),K03413,-2.41583316609683,Bacterial chemotaxis,"two-component system, chemotaxis, response regulator, signal transduction",['Toxin-Antitoxin & Phage Defense'],Medium,KO and PFAM domains support response regulator function; limited GO and no EC annotations; suitable for chemotaxis and signal transduction grouping.
BFJEKD_03535,phosphate acetyltransferase,"K00029, K00625, K13788",-2.41500486505652,"Pyruvate metabolism, Propanoate metabolism","acetate metabolism, energy production, transferase",['Protein Processing & Degradation'],High,Multiple KO terms suggest possible multifunctionality; EC and GO terms consistent with phosphate acetyltransferase activity in energy metabolism.
BFJEKD_14325,Sulfotransferase,,-2.40610662349578,,"sulfotransferase, transferase, enzyme",['Amino Acid Biosynthesis'],Medium,"Sulfotransferase domain and GO term present, but no KO or EC number assigned. Functional group assigned based on domain and GO."
BFJEKD_00960,AraC-type transcriptional regulator,,-2.40231966417847,,"transcriptional regulator, DNA binding, AraC family",['Secretion & Transport Systems'],High,Well-annotated AraC-type transcriptional regulator with strong DNA-binding and transcription regulation evidence; useful for grouping under transcription factors.
BFJEKD_12240,Uncharacterized protein,,-2.38290193651248,,unknown function,['Carbon Concentrating & Fixation'],Low,No annotation or domain information available; sequence does not match known conserved domains.
BFJEKD_14165,Helix-turn-helix transcriptional regulator,,-2.37993231381498,,"transcriptional regulator, HTH domain",['Cell Wall & Envelope Biogenesis'],Medium,"No KO or EC; annotation based on COG, PFAM, and GO DNA binding; likely a transcriptional regulator, useful for regulatory grouping."
BFJEKD_14405,Histidine utilization repressor HutC,K05836,-2.37795138386259,Histidine metabolism,"transcriptional regulator, histidine metabolism, GntR family",['Amino Acid Biosynthesis'],High,Single well-annotated transcriptional regulator controlling histidine utilization genes; useful for grouping under amino acid metabolism regulation.
BFJEKD_02345,Peptidoglycan/LPS O-acetylase OafA/YrhL,K16568,-2.3765145313515,Peptidoglycan biosynthesis,"cell wall biosynthesis, acyltransferase, membrane protein",['Secretion & Transport Systems'],High,Well-annotated O-acetyltransferase involved in peptidoglycan and LPS modification; important for cell envelope integrity.
BFJEKD_13145,5-(carboxyamino)imidazole ribonucleotide mutase,K01588,-2.36869836611384,Purine metabolism,"purine biosynthesis, nucleotide metabolism, enzyme, mutase",['Amino Acid Biosynthesis'],High,Well-annotated enzyme in purine biosynthesis pathway; KO and EC consistent; multiple GO terms support function; suitable for metabolic pathway grouping.
BFJEKD_12315,Tellurium resistance protein TerC,K05794,-2.36087683740426,Bacterial secretion system,"tellurite resistance, membrane transporter, metal resistance",['Secretion & Transport Systems'],High,Key protein for tellurite resistance; important for grouping under heavy metal resistance and membrane transport.
BFJEKD_12085,PepSY-associated transmembrane region protein (PiuB),,-2.3585125857623,,"iron-regulated protein, membrane protein",['Protein Processing & Degradation'],Medium,Annotated as iron-regulated membrane protein with PepSY_TM domain; lacks KO and GO terms; likely involved in iron homeostasis or transport; useful for grouping under iron metabolism.
BFJEKD_11220,LysR family transcriptional regulator,,-2.34313711454882,,"transcription regulation, LysR family, DNA binding",['Polyhydroxyalkanoates & Storage Lipids'],High,Typical LysR-type transcriptional regulator involved in gene expression control; useful for grouping under transcription factors.
BFJEKD_14305,Anaerobic ribonucleoside-triphosphate reductase,,-2.32045646826233,,"ribonucleotide reductase, anaerobic metabolism, DNA synthesis",['Secretion & Transport Systems'],Medium,Lacks KO and EC but PFAM and GO support function as anaerobic ribonucleotide reductase; useful for grouping DNA synthesis and anaerobic metabolism proteins.
BFJEKD_00130,"HEPN domain protein, putative toxin of MNT-HEPN system",,-2.30649377901414,,"toxin-antitoxin system, ribonuclease, toxin",['Unknown & Hypothetical Proteins'],Medium,Protein likely part of MNT-HEPN toxin-antitoxin system; lacks KO and EC but GO and COG support ribonuclease toxin function.
BFJEKD_19440,"Ferredoxin III, nif-specific",,-2.3024928608956,,"electron transport, ferredoxin, nitrogen fixation accessory",['Carbon Concentrating & Fixation'],Medium,"No KO or GO terms; PFAM domain indicates electron carrier role, likely involved in nitrogen fixation electron transfer."
BFJEKD_16530,Methyl-accepting chemotaxis protein,K03406,-2.2753100437609,Bacterial chemotaxis,"chemotaxis, signal transduction, membrane receptor",['Polyhydroxyalkanoates & Storage Lipids'],High,"Complete annotation with KO, COG, PFAM and GO terms consistent with methyl-accepting chemotaxis protein involved in bacterial chemotaxis signaling."
BFJEKD_04690,iron ABC transporter permease FepD,K02015,-2.26035366579238,ABC transporters,"iron transport, ABC transporter, membrane permease",['Unknown & Hypothetical Proteins'],High,Complete annotation with KO and COG supporting iron ABC transporter permease function; useful for grouping iron uptake systems.
BFJEKD_11315,Molybdate ABC transporter substrate-binding protein ModA,K02020,-2.23623858722784,ABC transporters,"ABC transporter, molybdate transport, substrate-binding protein, periplasmic component",['Unknown & Hypothetical Proteins'],High,Complete annotation for substrate-binding component of molybdate ABC transporter. Important for transport system grouping.
BFJEKD_07555,transcription termination/antitermination protein NusA,K02600,-2.22166190657539,RNA polymerase,"transcription regulation, termination, antitermination, RNA binding",['Secretion & Transport Systems'],High,Well-annotated transcription factor involved in termination and antitermination; multiple RNA-binding domains; no EC as expected.
BFJEKD_10065,PD-(D/E)XK nuclease family protein,,-2.2139458500366,,"nuclease, DNA metabolism, restriction enzyme superfamily",['Secretion & Transport Systems'],Medium,PD-(D/E)XK domain indicates nuclease activity; no KO or GO terms assigned; likely involved in DNA cleavage or repair.
BFJEKD_04500,Cytochrome c domain-containing protein,,-2.21355889857439,,"electron transport, membrane protein, heme binding",['Carbon Concentrating & Fixation'],Medium,GO terms indicate involvement in electron transport and membrane localization; domain DUF1924 is uncharacterized but likely related to cytochrome function.
BFJEKD_12235,Uncharacterized protein,,-2.21100030208818,,unknown function,['Secretion & Transport Systems'],Low,No annotation or domain information available; sequence does not match known conserved domains.
BFJEKD_04495,Dihaem cytochrome c,,-2.20170185836195,,"electron transport, cytochrome c, respiration",['Secretion & Transport Systems'],Medium,"Annotated as dihaem cytochrome c based on product and PFAM domain; lacks KO and GO terms, limiting pathway mapping."
BFJEKD_14655,IclR family transcriptional regulator,,-2.20142570482887,,"transcriptional regulation, IclR family, DNA binding",['Secretion & Transport Systems'],High,Well-annotated transcriptional regulator with strong GO and COG support; no KO assigned; suitable for grouping under transcriptional regulators.
BFJEKD_15145,"Lipoprotein, putative nitric oxide dioxygenase (NOD)",,-2.18423994047622,,"nitric oxide detoxification, stress response, lipoprotein",['Protein Processing & Degradation'],Low,"Putative lipoprotein involved in NO detoxification; lacks KO, EC, GO, and PFAM annotations, limiting confidence."
BFJEKD_10940,methyl-accepting chemotaxis protein with hemerythrin domain,"K03406, K07216",-2.18037189149287,Bacterial chemotaxis,"chemotaxis, signal transduction, membrane receptor, hemerythrin domain",['Toxin-Antitoxin & Phage Defense'],High,Strong evidence for chemotaxis receptor function with hemerythrin domain; KO and COG consistent; important for environmental sensing and motility.
BFJEKD_05965,PAS sensor domain-containing protein,,-2.17617925492738,,"signal transduction, sensor protein, PAS domain",['Protein Processing & Degradation'],Medium,"No KO or PFAM domain detected, but COG and GO indicate a transcriptional regulator with PAS sensor domain. Important for signal transduction grouping."
BFJEKD_19435,Nitrogen fixation protein NifQ,K15790,-2.1693919175881198,Nitrogen metabolism,"nitrogen fixation, molybdenum cofactor metabolism",['Secretion & Transport Systems'],High,Well-annotated nitrogen fixation protein involved in molybdenum cofactor metabolism; useful for grouping nitrogen fixation related genes.
BFJEKD_00140,hypothetical protein,,-2.16730278140122,,"hypothetical protein, unknown function",['Mobile Genetic Elements & Plasmid'],Low,No functional annotation or domain detected; likely uncharacterized.
BFJEKD_15830,hypothetical protein,,-2.14253845671244,,"hypothetical protein, unknown function",['Secretion & Transport Systems'],Low,No functional annotation available; cannot be reliably grouped or used for differential expression functional analysis.
BFJEKD_04695,iron ABC transporter ATP-binding protein FepC,K02013,-2.14086152173388,ABC transporters,"iron transport, ABC transporter, ATPase",['Amino Acid Biosynthesis'],High,"Strong evidence from KO, EC, and extensive GO terms; key ATPase component of iron ABC transporter complex."
BFJEKD_11385,Phage repressor protein C,,-2.13808307233742,,"phage repressor, DNA binding, transcription regulation, HTH domain",['Toxin-Antitoxin & Phage Defense'],Medium,Phage repressor with DNA-binding HTH domain and peptidase domain; no KO or EC. Important for phage-related regulatory grouping.
BFJEKD_09385,EamA/RhaT family transporter,,-2.10386070490074,,"membrane transporter, solute carrier, EamA family",['Protein Processing & Degradation'],Medium,Annotation based on PFAM EamA domain and COG0697 indicating transporter function; no KO or EC available; GO term confirms membrane localization.
BFJEKD_00745,polyamine ABC transporter ATP-binding protein,K02065,-2.08874083978617,ABC transporters,"ABC transporter, ATPase, membrane transport",['Mobile Genetic Elements & Plasmid'],High,KO and GO terms confirm ATP-binding component of ABC transporter; key for energy coupling in transport systems.
BFJEKD_15025,Alkyl hydroperoxide reductase subunit C (AhpC),"K03386, K24119",-2.0688121501495,Glutathione metabolism,"oxidative stress response, peroxiredoxin, redox enzyme, antioxidant",['Secretion & Transport Systems'],High,"Well-supported annotation with KO, EC, COG, PFAM, and GO; key peroxiredoxin subunit; critical for oxidative stress response and detoxification."
BFJEKD_19350,Magnesium-transporting ATPase MgtA,K01535,-2.01347371714737,ABC transporters,"magnesium transport, cation transporter, P-type ATPase, membrane transporter, ion homeostasis",['Carbon Concentrating & Fixation'],High,"Complete annotation with KO, EC, GO, COG, and PFAM domains consistent with P-type ATPase involved in magnesium transport. Suitable for grouping under ion transport and membrane ATPases."
BFJEKD_16025,hypothetical protein,,-2.0052545271259,,"hypothetical protein, unknown function",['Amino Acid Biosynthesis'],Low,No functional annotation available; likely a novel or uncharacterized protein. Exclude or treat cautiously in downstream analyses.
BFJEKD_05070,circadian clock protein KaiC,K08482,-2.00233449864238,Circadian rhythm - cyanobacteria,"circadian rhythm, signal transduction, ATPase, protein kinase",['Cell Wall & Envelope Biogenesis'],High,Well-annotated circadian clock protein with strong KO and GO support; key for temporal regulation in bacteria.
BFJEKD_15255,AraC family transcriptional regulator,,-2.00073592582269,,"transcriptional regulator, AraC family, DNA binding",['Toxin-Antitoxin & Phage Defense'],High,Clear functional annotation as a transcriptional regulator. Important for regulatory network analysis and differential expression studies.
BFJEKD_03655,NERD domain-containing protein,,-1.9842396302123,,"nucleic acid binding, DNA repair, uncharacterized",['Cell Wall & Envelope Biogenesis'],Low,"No KO, EC, GO, or COG annotations; NERD domain suggests possible nucleic acid-related function but unconfirmed."
BFJEKD_02440,HigA family addiction module antitoxin,K21498,-1.96881501253683,Bacterial toxin-antitoxin system,"toxin-antitoxin system, DNA-binding protein, antitoxin",['Photosynthesis & Carbon Concentrating'],High,"Well-annotated antitoxin protein with strong evidence from KO, COG, PFAM, and GO. Suitable for grouping under toxin-antitoxin systems."
BFJEKD_03045,EamA/RhaT family transporter,,-1.96711263696214,,"membrane transporter, drug/metabolite transporter, DMT superfamily","['Cell Wall & Envelope Biogenesis', 'Signal Transduction']",Medium,No KO or EC; annotation based on COG and PFAM; likely involved in metabolite/drug transport.
BFJEKD_04680,Outer membrane cobalamin receptor protein BtuB,K02014,-1.96249314705504,ABC transporters,"cobalamin transport, TonB-dependent receptor, outer membrane transporter, membrane transporter",['Carbon Concentrating & Fixation'],High,Outer membrane receptor for cobalamin (vitamin B12) uptake; TonB-dependent transport system.
BFJEKD_07180,zinc ABC transporter permease,K02075,-1.95275426940604,ABC transporters,"metal transporter, ABC transporter, zinc uptake",['Unknown & Hypothetical Proteins'],High,Complete annotation with KO and GO terms consistent; key component of zinc uptake system.
BFJEKD_11980,Transposase,K07493,-1.95118480272225,Bacterial secretion system,"transposase, mobile genetic element",['Unknown & Hypothetical Proteins'],High,KO and PFAM domain confirm transposase function; GO terms support DNA binding and transposition activity.
BFJEKD_05065,Circadian clock protein KaiB,K08481,-1.94735617293279,Circadian rhythm - prokaryotes,"circadian rhythm, clock protein",['Protein Processing & Degradation'],High,KO and GO terms confirm circadian clock function; PFAM domain KaiB supports annotation.
BFJEKD_02365,"Glutathione synthase, LysX or RimK-type ligase, ATP-grasp superfamily",,-1.918749462178,,"amino acid biosynthesis, ATP-grasp ligase, posttranslational modification",['Secretion & Transport Systems'],Medium,No KO or EC assigned; function inferred from GO and PFAM domains. Likely involved in glutathione or peptide ligation. Useful for grouping in amino acid metabolism and protein modification.
BFJEKD_04715,enoyl-ACP reductase FabI,K00208,-1.91359306812662,Fatty acid biosynthesis,"fatty acid biosynthesis, oxidoreductase, NADH-dependent enzyme",['Cell Wall & Envelope Biogenesis'],High,"Complete annotation with KO, EC, GO, and COG consistent; key enzyme in fatty acid biosynthesis pathway, suitable for grouping in lipid metabolism and differential expression under metabolic shifts."
BFJEKD_13470,MFS transporter,,-1.91342114774198,Transporters,"membrane transporter, MFS transporter, solute transport",['Polyhydroxyalkanoates & Storage Lipids'],Medium,No KO or EC but strong PFAM and GO support; assign to membrane transport functional group.
BFJEKD_19390,Iron-sulfur cluster assembly accessory protein IscA,K13628,-1.90540776988341,Iron-sulfur cluster assembly,"iron-sulfur cluster assembly, metalloprotein, accessory protein","['Protein Folding, Quality Control & Stress Response']",High,"Accessory protein for iron-sulfur cluster assembly, important for maturation of iron-sulfur proteins including nitrogenase."
BFJEKD_04230,Multidrug resistance efflux pump EmrA,K01993,-1.90130989729706,ABC transporters,"efflux pump, membrane fusion protein, multidrug resistance",['Carbon Concentrating & Fixation'],Medium,No GO terms available; KO and COG consistent with EmrA efflux pump component; useful for grouping in multidrug resistance.
BFJEKD_08080,Methyl-accepting chemotaxis protein Tar,K03406,-1.90077427614885,Bacterial chemotaxis,"chemotaxis, signal transduction, membrane receptor",['Unknown & Hypothetical Proteins'],High,"Complete chemotaxis receptor annotation with consistent KO, COG, GO, and PFAM domains. Suitable for grouping under chemotaxis and signal transduction."
BFJEKD_11560,DUF4167 domain-containing protein,,-1.89898729601742,,"unknown function, DUF4167","['Protein Folding, Quality Control & Stress Response']",Low,No functional annotation available; domain of unknown function. Consider as uncharacterized in downstream analyses.
BFJEKD_14690,"Membrane protein, putative (DUF3100)",,-1.88980448872792,,"membrane protein, unknown function, DUF3100",['Amino Acid Biosynthesis'],Low,No functional annotation available; only domain of unknown function detected; treat as unknown in grouping and DE analysis.
BFJEKD_19070,TfoX-N domain-containing protein,,-1.88903016767915,,"competence, DNA uptake, signal transduction",['Secretion & Transport Systems'],Low,"Protein likely involved in natural competence regulation based on product name and COG category; lacks KO, EC, GO, and PFAM annotations, limiting annotation confidence."
BFJEKD_14300,Pyruvate formate lyase activating enzyme (Anaerobic ribonucleoside-triphosphate reductase activating protein),K04069,-1.88475266732163,Methane metabolism,"radical SAM enzyme, pyruvate formate-lyase activation, energy metabolism, iron-sulfur cluster",['Secretion & Transport Systems'],High,"Well annotated with KO, EC, COG, PFAM and GO; key enzyme activating anaerobic metabolism; important for grouping anaerobic energy metabolism enzymes."
BFJEKD_11150,Hypothetical protein,,-1.88204212017371,,"hypothetical protein, unknown function",['Secretion & Transport Systems'],Low,No functional annotation or domain detected; sequence too short for confident prediction.
BFJEKD_05255,Cytochrome c oxidase accessory protein CcoG (FixG),,-1.87454036854463,Oxidative phosphorylation,"cytochrome c oxidase, accessory protein, oxidative phosphorylation, membrane protein",['Cell Wall & Envelope Biogenesis'],Medium,"No KO or EC assigned, but COG and PFAM domains support role in cytochrome c oxidase assembly. GO terms indicate membrane localization. Group under respiratory chain accessory proteins."
BFJEKD_00185,Chromosome partitioning protein ParA (ATPase MipZ),,-1.87438835663841,,"chromosome partitioning, ATPase, cell division",NA,High,"Strong domain evidence (AAA+ ATPase and MipZ), COG1192 confirms function in chromosome segregation."
BFJEKD_16065,Hypothetical protein,,-1.87320733948907,,"hypothetical protein, unknown function",['Toxin-Antitoxin & Phage Defense'],Low,No functional annotation or domain detected; short sequence may represent a small peptide or fragment.
BFJEKD_10580,V8-like Glu-specific endopeptidase,K04775,-1.86547262200479,Ribosome,"protease, serine protease, protein turnover, posttranslational modification, peptidase activity",['Toxin-Antitoxin & Phage Defense'],High,KO and PFAM domains confirm serine protease function; GO terms support proteolytic activity and cellular localization; EC number incomplete but consistent with KO.
BFJEKD_09670,ligand-binding protein SH3 domain,,-1.86473240375051,,"protein binding, SH3 domain, protein interaction","['Protein Folding, Quality Control & Stress Response']",Medium,Limited functional annotation; domain indicates role in protein interactions; useful for grouping by domain architecture.
BFJEKD_15600,methionine synthase,K00548,-1.85704050028059,"Cysteine and methionine metabolism, Folate biosynthesis","methionine biosynthesis, methyltransferase, one-carbon metabolism, B12-dependent enzyme",['Cell Wall & Envelope Biogenesis'],High,EC number inferred from KO_2 field; key enzyme linking folate and methionine metabolism; contains multiple B12-binding domains.
BFJEKD_18255,"DNA-binding protein, AcrR family, includes nucleoid occlusion protein SlmA",K18301,-1.85599449456653,,"transcriptional regulator, TetR family, DNA binding, regulation of transcription",['Secretion & Transport Systems'],High,"Well-annotated transcriptional regulator of the TetR family, important for gene expression regulation and nucleoid occlusion."
BFJEKD_14210,Hypothetical protein,,-1.85513814166826,,"hypothetical protein, unknown function",['Secretion & Transport Systems'],Low,"No functional annotation available; no KO, EC, GO, COG, or PFAM data."
BFJEKD_00020,Transcriptional regulator SpoVT/AbrB family,,-1.85189305856507,,"transcriptional regulator, antitoxin, SpoVT/AbrB family",['Transcription Machinery & Regulators'],Medium,Likely functions as transcriptional regulator and antitoxin; lacks KO and GO annotations; PFAM domain supports regulatory role; relevant for toxin-antitoxin system regulation.
BFJEKD_04490,AEC family transporter,"K07088, K13936",-1.84995175241365,ABC transporters,"membrane transporter, AEC family, malonate transport",['Secretion & Transport Systems'],High,Strong KO and PFAM support for transporter function; relevant for membrane transport and metabolite uptake grouping.
BFJEKD_01215,MFS transporter,K19577,-1.8454936772034,ABC transporters,"membrane transporter, MFS transporter, major facilitator superfamily",['Secretion & Transport Systems'],High,"Well-annotated MFS transporter with KO, GO, COG, and PFAM domain; suitable for grouping under membrane transporters."
BFJEKD_08450,Hypothetical protein,,-1.81851610810011,,"hypothetical protein, unknown function",['Secretion & Transport Systems'],Low,No functional annotation or domain detected; treat as unknown for grouping and DE analysis.
BFJEKD_00055,ABC-type polysaccharide/teichoic acid/polyol phosphate export permease protein Wzm (TagG),K09690,-1.81756032071216,Bacterial secretion system,"ABC transporter, polysaccharide export, membrane protein",['Unknown & Hypothetical Proteins'],High,Well-annotated ABC transporter permease involved in polysaccharide export; useful for grouping transport-related proteins and cell envelope biosynthesis.
BFJEKD_14315,Hybrid sensor histidine kinase/response regulator,"K10715, K11527",-1.81676555110882,Two-component system,"two-component system, signal transduction, histidine kinase, response regulator, membrane protein",['Amino Acid Biosynthesis'],High,"Complete annotation with KO, EC, GO, COG, and PFAM domains consistent with hybrid sensor histidine kinase/response regulator function. Suitable for grouping in signal transduction and two-component system categories."
BFJEKD_10340,quinone-dependent dihydroorotate dehydrogenase,K00254,-1.81550939748058,Pyrimidine metabolism,"pyrimidine biosynthesis, oxidoreductase, membrane enzyme, energy metabolism",['Secretion & Transport Systems'],High,"Well-annotated enzyme involved in pyrimidine biosynthesis; key for nucleotide metabolism; strong evidence from KO, EC, GO, and PFAM."
BFJEKD_19450,Nitrogen fixation protein NifX,K02596,-1.80074483197527,Nitrogen metabolism,"nitrogen fixation, cofactor biosynthesis",['Unknown & Hypothetical Proteins'],High,Key nitrogen fixation protein involved in FeMo-cofactor biosynthesis; important for nitrogen fixation functional grouping.
BFJEKD_00180,Glycosyltransferase involved in cell wall biosynthesis,,-1.79922641928428,,"cell wall biosynthesis, glycosyltransferase, membrane-associated enzyme",['Aromatic Amino Acid Biosynthesis'],Medium,No KO or EC available; annotation based on COG0438 and product description. Likely involved in cell wall polysaccharide assembly.
BFJEKD_17975,Magnesium transporter MgtE,K06213,-1.79656782859881,ABC transporters,"magnesium transporter, membrane transporter, ion transport",['Unknown & Hypothetical Proteins'],High,KO annotation allows inference of KEGG pathway and functional role. PFAM domains and GO terms strongly support magnesium ion transport function.
BFJEKD_18350,Acyltransferase (O-antigen acetyltransferase family),K16568,-1.79559207023924,Lipopolysaccharide biosynthesis,"acyltransferase, membrane protein, lipopolysaccharide biosynthesis",['Secretion & Transport Systems'],Medium,KO assigned but no EC; likely involved in O-antigen or cell envelope modification; membrane localization inferred from GO and PFAM.
BFJEKD_18095,Hypothetical protein,,-1.7928121274344,,"hypothetical protein, unknown function",['Amino Acid Biosynthesis'],Low,No functional annotation or domain detected; sequence provided but no significant hits found.
BFJEKD_16355,tRNA dihydrouridine synthase DusB,K05540,-1.78972976470772,Aminoacyl-tRNA biosynthesis,"tRNA modification, RNA processing, translation",['Unknown & Hypothetical Proteins'],High,"Complete annotation with KO to EC mapping; involved in tRNA modification, important for translation efficiency and fidelity."
BFJEKD_12370,Phosphoribosyl transferase,,-1.78202774032826,,"phosphoribosyl transferase, nucleotide metabolism, transferase","['Protein Folding, Quality Control & Stress Response']",Medium,"PFAM domains consistent with phosphoribosyl transferase function; no KO, EC, or GO terms; functional group assigned based on domain."
BFJEKD_07395,DUF2889 domain-containing protein,,-1.77844759552039,,"hypothetical protein, DUF2889",['Amino Acid Biosynthesis'],Low,"Function unknown; domain of unknown function, no clear pathway or activity assigned."
BFJEKD_05865,Adenosylhomocysteinase,K01251,-1.77839867683557,Cysteine and methionine metabolism,"adenosylhomocysteinase, methionine metabolism, amino acid metabolism, S-adenosylhomocysteine hydrolysis",['Amino Acid Biosynthesis'],High,"Complete annotation with KO, EC, GO, COG and PFAM domains; key enzyme in methylation cycle and sulfur amino acid metabolism."
BFJEKD_03900,"Transcriptional regulator, HTH_31 family",K07726,-1.77694238309863,,"transcriptional regulator, DNA binding, regulation",['Cell Wall & Envelope Biogenesis'],Medium,KO and COG indicate transcriptional regulator function; limited GO terms but PFAM domain supports DNA-binding regulatory role. No EC number as expected.
BFJEKD_11060,Bifunctional proline dehydrogenase/L-glutamate gamma-semialdehyde dehydrogenase,K13821,-1.76578091643278,"Arginine and proline metabolism, Glycine, serine and threonine metabolism","amino acid metabolism, proline catabolism, bifunctional enzyme, transcriptional regulator",['Secretion & Transport Systems'],High,"Bifunctional enzyme with both catalytic and regulatory roles; complete EC, KO, GO, and PFAM annotations support multifunctionality."
BFJEKD_09515,Phage integrase,,-1.74971654129151,,"phage integrase, site-specific recombinase, DNA recombination",['Unknown & Hypothetical Proteins'],High,"Strong evidence from GO, COG, and PFAM domains; important for prophage integration and excision; relevant for phage-related functional grouping."
BFJEKD_05000,Pyrroline-5-carboxylate reductase,K00286,-1.7225889849684,Arginine and proline metabolism,"amino acid biosynthesis, proline metabolism, oxidoreductase",['Toxin-Antitoxin & Phage Defense'],High,"Complete and consistent annotation with KO, EC, GO, COG, and PFAM domains supporting function in proline biosynthesis."
BFJEKD_12230,DUF4384 domain-containing protein,,-1.7218231649982,,"peptidoglycan binding, cell wall biogenesis, DUF4384",['Secretion & Transport Systems'],Medium,Contains PG_binding_1 domain indicating peptidoglycan interaction; DUF4384 function unknown but likely related to cell wall.
BFJEKD_00650,LrgB-like family protein,,-1.72042368998085,,"holin-like protein, membrane protein, cell wall biogenesis",['Unknown & Hypothetical Proteins'],Medium,No KO or GO terms; annotation inferred from PFAM and COG; likely partner of LrgA in cell envelope processes.
BFJEKD_06305,Branched-chain amino acid ABC-type transport system permease component LivH,K01997,-1.72036864248244,ABC transporters,"amino acid transport, ABC transporter, membrane transporter",['Amino Acid Biosynthesis'],High,Well-annotated permease component of branched-chain amino acid ABC transporter; useful for transport-related grouping.
BFJEKD_15535,Transposase IS66 family,,-1.71386442178536,,"transposase, mobile genetic element, insertion sequence",['Cell Wall & Envelope Biogenesis'],Medium,"Similar to BFJEKD_15530, no KO or GO but PFAM domain supports transposase annotation."
BFJEKD_01270,trehalose-phosphatase,K01087,-1.69566640863946,Starch and sucrose metabolism,"trehalose metabolism, carbohydrate metabolism, phosphatase","['Protein Folding, Quality Control & Stress Response']",High,"Complete annotation with KO, EC, GO, COG, and PFAM domains; involved in trehalose biosynthesis pathway."
BFJEKD_15140,MarR family transcriptional regulator,K06075,-1.69344639438639,Two-component system,"transcriptional regulator, MarR family, antibiotic resistance regulation",['Amino Acid Biosynthesis'],High,Regulates transcription of genes including those involved in antibiotic resistance and hemolysin expression.
BFJEKD_18695,Glucans Biosynthesis Glucosyltransferase MdoH (OpgH),K03669,-1.68490032551356,Amino sugar and nucleotide sugar metabolism,"polysaccharide biosynthesis, glucosyltransferase, osmoregulated periplasmic glucans",['Unknown & Hypothetical Proteins'],High,KO K03669 maps to glucosyltransferase involved in OPG biosynthesis; COG and PFAM domains support carbohydrate metabolism function. GO terms filtered to relevant key functions. Useful for grouping carbohydrate metabolism genes.
BFJEKD_00645,"Putative effector of murein hydrolase LrgA, UPF0299 family",K06518,-1.68193775965659,Two-component system,"holin-like protein, membrane protein, cell wall biogenesis, two-component system",['Cell Wall & Envelope Biogenesis'],High,"Strong annotation supported by KO, PFAM, and GO; relevant for cell envelope and regulatory systems."
BFJEKD_07550,ribosome maturation factor RimP,K09748,-1.66390545440289,Ribosome,"ribosome biogenesis, ribosomal maturation, translation",['Secretion & Transport Systems'],Medium,No EC number as expected; KO and COG consistent with ribosome maturation; PFAM domains are DUFs but linked to RimP function; useful for grouping under ribosome assembly.
BFJEKD_08430,Adenosine kinase / Ribokinase family sugar kinase,"K00847, K00856",-1.66084561325414,"Purine metabolism, Amino sugar and nucleotide sugar metabolism","nucleotide metabolism, sugar kinase, ribokinase family, phosphorylation, purine salvage",['Polyhydroxyalkanoates & Storage Lipids'],High,Well-annotated sugar/nucleoside kinase with dual KO and EC assignments; relevant for nucleotide and sugar metabolism pathways.
BFJEKD_02330,CAI-1 autoinducer sensor kinase/phosphatase CqsS,,-1.64990508802559,,"two-component system, signal transduction, sensor kinase",['Stress Response & Oxidative Stress'],Medium,Annotated as sensor kinase/phosphatase involved in quorum sensing. Limited KO and EC data; GO term supports two-component system function.
BFJEKD_19320,LysR family transcriptional regulator,"K16135, K18900",-1.64399657019321,Two-component system,"transcriptional regulator, LysR family, gene regulation",['Polyhydroxyalkanoates & Storage Lipids'],High,Well-characterized transcriptional regulator with DNA-binding domains; important for regulatory network analyses.
BFJEKD_14430,D-lactate dehydrogenase (cytochrome),K00102,-1.63858531778346,"Pentose phosphate pathway, Oxidative phosphorylation","oxidoreductase, FAD-dependent enzyme, energy metabolism, electron transport, dehydrogenase",['Cell Wall & Envelope Biogenesis'],High,"Well-annotated oxidoreductase with consistent KO, EC, GO, and PFAM domains; involved in energy metabolism and electron transport chain."
BFJEKD_17280,2-amino-4-hydroxy-6-hydroxymethyldihydropteridine diphosphokinase,K00950,-1.6345472226126,Folate biosynthesis,"folate biosynthesis, coenzyme metabolism, enzyme",['Carbon Concentrating & Fixation'],High,"KO to EC mapping completed. Protein involved in folate biosynthesis pathway, important for coenzyme metabolism."
BFJEKD_18415,Hypothetical protein,,-1.63260603220005,,"hypothetical protein, unknown function",['Cell Wall & Envelope Biogenesis'],Low,No functional annotation or domain detected; treat as unknown in downstream analyses.
BFJEKD_15110,Fis family transcriptional regulator (DctD),"K07714, K10126",-1.62398923079711,Two-component system,"two-component system, transcription regulator, signal transduction",['Secretion & Transport Systems'],High,Well-annotated response regulator of two-component system involved in C4-dicarboxylate transport regulation.
BFJEKD_05960,"DNA-binding transcriptional regulator, Lrp family",,-1.61999297912582,,"transcriptional regulator, Lrp family, DNA binding",['Amino Acid Biosynthesis'],Medium,"No KO or GO terms assigned, but PFAM and COG indicate Lrp family transcriptional regulator. Useful for transcription regulation grouping."
BFJEKD_10070,Hypothetical protein,,-1.61330128087559,,"hypothetical protein, unknown function",['Secretion & Transport Systems'],Low,No functional annotation or domain detected; treat as unknown in downstream analyses.
BFJEKD_14190,Glutamine synthetase,K01915,-1.60929685385081,Nitrogen metabolism,"glutamine synthetase, nitrogen metabolism, amino acid biosynthesis, enzyme",['Polyhydroxyalkanoates & Storage Lipids'],High,"Complete annotation with KO, EC, GO, COG, and PFAM; key enzyme in nitrogen metabolism."
BFJEKD_14105,ribosome silencing factor,K09710,-1.59794765532604,,"translation regulation, ribosome silencing, ribosome-associated protein",['Unknown & Hypothetical Proteins'],High,Key factor in translational repression by preventing ribosome assembly. Important for grouping in translation regulation and stress response analyses.
BFJEKD_07495,Fur family transcriptional regulator,K03711,-1.59639144141642,Quorum sensing,"transcriptional regulator, metal ion homeostasis, Fur family, iron uptake regulation",['Protein Processing & Degradation'],High,Well-annotated Fur family regulator involved in metal ion homeostasis and quorum sensing regulation; important for iron metabolism and stress response.
BFJEKD_05190,Phage regulatory protein Rha,,-1.58838722217794,,"phage, regulatory protein, mobilome",['Polyhydroxyalkanoates & Storage Lipids'],High,COG and PFAM domain indicate role as phage regulatory protein involved in prophage or mobile element regulation.
BFJEKD_05485,zinc-binding dehydrogenase,K00344,-1.58766604442561,"Oxidative phosphorylation, Nicotinate and nicotinamide metabolism","oxidoreductase, NADPH quinone reductase, zinc-binding enzyme, energy metabolism",['Secretion & Transport Systems'],High,Well-characterized oxidoreductase with KO and EC; relevant for energy metabolism and redox processes.
BFJEKD_00175,Hypothetical protein,,-1.58317008373049,,"hypothetical protein, unknown function",['Cell Division & Chromosome Partitioning'],Low,No functional annotation available; exclude or treat cautiously in downstream analyses.
BFJEKD_17515,"ABC transporter ATP-binding protein, general nucleoside transport system ATPase component","K02056, K23537",-1.58026733296732,ABC transporters,"membrane transporter, ABC transporter, ATPase component, nucleoside transport",['Cell Wall & Envelope Biogenesis'],High,ATPase component of ABC transporter complex; EC number assigned from KO; extensive GO terms support transporter and ATPase activities.
BFJEKD_01610,ArsR family transcriptional regulator,K22042,-1.57428436841792,Two-component system,"transcriptional regulator, arsenic resistance, two-component system",['Signal Transduction'],High,Well-annotated transcriptional regulator involved in virulence and metal resistance regulation; useful for regulatory network analysis.
BFJEKD_07175,Zinc/manganese ABC transporter ATP-binding protein,K02074,-1.5721366430695,ABC transporters,"ABC transporter, ATPase, metal ion transport, zinc transport",['Unknown & Hypothetical Proteins'],High,ATPase subunit of ABC transporter involved in zinc/manganese uptake; important for metal homeostasis.
BFJEKD_18790,Hypothetical protein,,-1.57116777698619,,"hypothetical protein, unknown function",['Unknown & Hypothetical Proteins'],Low,No functional annotation available; sequence alone insufficient for confident functional assignment.
BFJEKD_04225,multidrug ABC transporter ATP-binding protein,"K01990, K25182",-1.57032412272394,ABC transporters,"ABC transporter, ATP-binding protein, multidrug resistance",['Secretion & Transport Systems'],High,Dual KO terms indicate multidrug efflux and toxin-antitoxin system; annotation consistent and complete.
BFJEKD_14355,Pentaheme c-type cytochrome TorC,K03532,-1.55897811076876,"Nitrogen metabolism, Oxidative phosphorylation","electron transport, cytochrome c, redox reaction, respiration, membrane protein",['Toxin-Antitoxin & Phage Defense'],High,"Strong evidence from KO, GO, COG, and PFAM; key component in TMAO respiration electron transport chain."
BFJEKD_03040,LysR family transcriptional regulator,K03566,-1.55304844960994,Base excision repair,"transcription regulator, LysR family, gene expression control","['Cell Wall & Envelope Biogenesis', 'Membrane Transporter']",High,Well-annotated transcriptional regulator; important for regulatory network analysis.
BFJEKD_16680,Phage integrase,,-1.54458069323778,,"phage integrase, site-specific recombinase, DNA recombination",['Cell Wall & Envelope Biogenesis'],Medium,No KO or EC available; annotation based on PFAM and GO terms. Useful for grouping under mobile genetic elements or phage-related functions.
BFJEKD_04645,Two-component system histidine kinase DivJ,K11357,-1.54372326075153,Two-component system,"two-component system, histidine kinase, signal transduction, sensor kinase",['Cell Wall & Envelope Biogenesis'],High,KO and EC fully consistent; multiple PAS domains indicate sensory function; key for grouping in signal transduction and environmental response.
BFJEKD_13050,ethanolamine ammonia lyase large subunit,K03735,-1.54131935531969,One carbon pool by folate,"ethanolamine metabolism, ammonia-lyase, B12-dependent enzyme",['Carbon Concentrating & Fixation'],High,"Large subunit of ethanolamine ammonia-lyase; well annotated with KO, EC, GO, and PFAM domains."
BFJEKD_16360,two-component sensor histidine kinase NtrB,K07708,-1.52114421746504,Two-component system,"two-component system, signal transduction, nitrogen regulation",['Unknown & Hypothetical Proteins'],High,Well-annotated nitrogen-specific sensor kinase; key role in nitrogen metabolism regulation.
BFJEKD_14450,imidazolonepropionase,K01468,-1.51876668725598,Histidine metabolism,"histidine metabolism, amino acid degradation, amidohydrolase, metalloenzyme",['Toxin-Antitoxin & Phage Defense'],High,"Complete annotation with KO, EC, GO, COG, and PFAM domains consistent with histidine degradation pathway; suitable for grouping in amino acid catabolism and metabolic studies."
BFJEKD_07015,Kef family K(+) transporter,"K03455, K26735",-1.51512077324396,"ABC transporters, Two-component system","potassium transporter, ion antiporter, membrane transporter",['Secretion & Transport Systems'],High,Complete annotation with KO and GO terms consistent with potassium ion transporters; useful for grouping in ion transport and membrane transporter categories.
BFJEKD_14160,Serine/threonine protein kinase HipA,K07154,-1.51505008839033,Bacterial secretion system,"toxin-antitoxin system, serine/threonine kinase, signal transduction, stress response",['Cell Wall & Envelope Biogenesis'],High,"Complete annotation with KO, EC, and extensive GO terms; key component of HipAB toxin-antitoxin module; important for stress and persistence studies."
BFJEKD_14455,urocanate hydratase,K01712,-1.51452922849487,Histidine metabolism,"histidine metabolism, amino acid degradation, hydratase, metalloenzyme",['Cell Wall & Envelope Biogenesis'],High,"Well-annotated enzyme in histidine degradation with full KO, EC, GO, COG, and PFAM support; important for amino acid catabolism grouping."
BFJEKD_09690,Antibiotic biosynthesis monooxygenase,,-1.50999104787509,,"monooxygenase, secondary metabolism, antibiotic biosynthesis, oxidoreductase",['Polyhydroxyalkanoates & Storage Lipids'],Low,"No KO, EC, or GO annotations; function inferred from PFAM and COG; likely involved in antibiotic or polysaccharide biosynthesis; annotation incomplete."
BFJEKD_05470,LysR family transcriptional regulator,K03566,-1.50005048125009,Two-component system,"transcription regulator, LysR family, DNA binding, gene regulation",['Unknown & Hypothetical Proteins'],High,Well-annotated LysR-type transcriptional regulator involved in gene expression control; useful for regulatory network analysis.
BFJEKD_07875,Heme ABC exporter ATP-binding protein CcmA,K02193,-1.49982643161064,Oxidative phosphorylation,"heme export, ABC transporter, ATPase, membrane transporter, energy metabolism",['Toxin-Antitoxin & Phage Defense'],High,ATP-binding component of the Ccm heme export system; provides energy for heme translocation; critical for cytochrome c biogenesis.
BFJEKD_14345,Serine kinase (HPr kinase/phosphorylase),,-1.49488325289095,,"protein kinase, phosphorylation, carbohydrate metabolism regulation, signal transduction",['Cell Wall & Envelope Biogenesis'],Medium,COG1493 supports kinase function; absence of KO and GO limits annotation completeness.
BFJEKD_14965,protein-glutamate methylesterase / protein-glutamine glutaminase 2 (CheB2),K03412,-1.49367372643874,Bacterial chemotaxis,"chemotaxis, methylesterase, signal transduction, two-component system",['Protein Processing & Degradation'],High,Well annotated with dual EC numbers reflecting dual enzymatic activities; key demethylase in chemotaxis signaling; important for grouping with chemotaxis and two-component systems.
BFJEKD_16085,Trehalose 2-sulfotransferase (Stf0 sulfotransferase),K21014,-1.48905492560488,Amino sugar and nucleotide sugar metabolism,"carbohydrate metabolism, sulfotransferase, lipopolysaccharide biosynthesis",['Unknown & Hypothetical Proteins'],High,"Complete annotation with KO, EC, GO, COG, and PFAM; involved in trehalose sulfation, important for cell envelope modifications."
BFJEKD_00870,Ferrous iron transport protein C (FeoC),K10123,-1.488907937474,ABC transporters,"iron transport, regulatory protein, ferrous iron uptake","['Secretion & Transport Systems', 'Efflux Pumps']",Medium,KO and PFAM support function as FeoC regulatory protein; lack of GO and COG annotations reduces confidence slightly.
BFJEKD_09420,class I SAM-dependent methyltransferase (UbiE family),,-1.48813943352747,,"methyltransferase, SAM-dependent, coenzyme metabolism",['Polyhydroxyalkanoates & Storage Lipids'],Medium,"No KO or GO terms; COG and PFAM indicate methyltransferase activity, likely involved in coenzyme metabolism."
BFJEKD_18975,Serine/threonine protein kinase,,-1.48794187661425,,"protein kinase, signal transduction, phosphorylation",['Secretion & Transport Systems'],Medium,"No KO or EC assigned, but strong GO and PFAM evidence for kinase activity. Could be involved in regulatory pathways."
BFJEKD_17990,Acetyl esterase/lipase,,-1.48606182571787,,"esterase, lipase, hydrolase, alpha/beta hydrolase fold",['Secretion & Transport Systems'],Medium,Annotation based on PFAM domains and COG; no KO or EC present; likely involved in lipid or ester hydrolysis.
BFJEKD_13675,CRISPR-associated endonuclease Cas1,K15342,-1.47206205713174,CRISPR-Cas system,"CRISPR-Cas system, endonuclease, adaptive immunity, DNA integration",['Secretion & Transport Systems'],High,"Well-annotated CRISPR-Cas1 protein with KO, COG, PFAM, and GO terms; key for spacer integration in CRISPR immunity."
BFJEKD_13280,Inositol monophosphatase,K01092,-1.47095896234255,Inositol phosphate metabolism,"inositol metabolism, phosphatase, carbohydrate metabolism, hydrolase",['Toxin-Antitoxin & Phage Defense'],High,"Complete annotation with KO, EC, COG, PFAM, and extensive GO terms; important for inositol phosphate metabolism."
BFJEKD_14330,Asparagine synthetase B (glutamine-hydrolyzing),K01953,-1.46292919180743,"Alanine, aspartate and glutamate metabolism","amino acid biosynthesis, asparagine synthetase, glutamine amidotransferase, transferase",['Amino Acid Biosynthesis'],High,"Complete and consistent annotation with KO, EC, GO, COG, and PFAM domains. Suitable for grouping in amino acid biosynthesis pathways."
BFJEKD_14970,putative chemoreceptor glutamine deamidase CheD,K03411,-1.4625793968264,Bacterial chemotaxis,"chemotaxis, glutamine deamidase, signal transduction",['Cell Wall & Envelope Biogenesis'],High,Complete and consistent annotation; CheD is a chemotaxis protein involved in receptor modification; important for chemotaxis functional grouping.
BFJEKD_16090,SAM-dependent methyltransferase UbiG,,-1.45312098898579,,"methyltransferase, cofactor biosynthesis",['Unknown & Hypothetical Proteins'],Medium,Annotated as methyltransferase with COG and PFAM support; no KO or EC assigned; likely involved in ubiquinone biosynthesis or related methylation.
BFJEKD_15580,energy-dependent translational throttle protein EttA,K06020,-1.4479425495731,ABC transporters,"translation regulation, ABC transporter ATPase, ATPase",['Unknown & Hypothetical Proteins'],High,EttA is an ABC ATPase that regulates translation elongation in an energy-dependent manner; relevant for translation control and energy metabolism.
BFJEKD_02470,"ABC-type guanosine uptake system NupNOPQ, ATPase component NupO","K02056, K23537",-1.44166217905415,ABC transporters,"ABC transporter, ATPase component, nucleoside transport, membrane transporter",['Amino Acid Biosynthesis'],High,Strong evidence for ABC transporter ATPase involved in nucleoside uptake; important for transport and energy coupling.
BFJEKD_07470,Hsp70 family chaperone protein DnaK,K04046,-1.43783197831703,Protein processing in endoplasmic reticulum,"molecular chaperone, heat shock protein, protein folding, stress response",['Carbon Concentrating & Fixation'],High,"Complete annotation with KO, COG, PFAM, and GO terms consistent with Hsp70 chaperone function. Important for stress response and protein homeostasis grouping."
BFJEKD_03275,LPS export ABC transporter permease LptF,K07091,-1.4377346674954,Lipopolysaccharide biosynthesis,"LPS transport, ABC transporter permease, membrane transporter",['Cell Wall & Envelope Biogenesis'],High,KO and GO terms confirm role in LPS export; important for outer membrane biogenesis.
BFJEKD_04995,Putative bacterial sensory transduction regulator YbjN family protein,,-1.43584849916415,,"signal transduction, regulator, two-component system",['Toxin-Antitoxin & Phage Defense'],Medium,"Protein likely involved in bacterial sensory transduction regulation based on PFAM YbjN domain and COG category; lacks KO and GO annotations, limiting annotation completeness."
BFJEKD_05195,Hypothetical protein,,-1.43165345075019,,"hypothetical protein, unknown function",['Unknown & Hypothetical Proteins'],Low,No functional annotation available; sequence alone insufficient for confident functional assignment.
BFJEKD_13540,Hypothetical protein,,-1.42581901695523,,"hypothetical protein, unknown function","['Protein Folding, Quality Control & Stress Response']",Low,No functional annotation available; exclude from functional grouping or treat as unknown.
BFJEKD_09775,RES domain-containing protein,,-1.42372366120301,,"RNA binding, RNA processing",['Cell Wall & Envelope Biogenesis'],Low,"Limited annotation; RES domain often involved in RNA binding or processing but no KO, EC, or GO terms available. Annotation incomplete."
BFJEKD_16575,carboxymuconolactone decarboxylase family protein,K01607,-1.41545422244668,Benzoate degradation,"aromatic compound degradation, beta-ketoadipate pathway, decarboxylase, secondary metabolism",['Amino Acid Biosynthesis'],High,Well-annotated enzyme in aromatic compound degradation; important for metabolic pathway grouping and differential expression under aromatic compound utilization.
BFJEKD_14975,methyl-accepting chemotaxis protein,K03406,-1.41392324834707,Bacterial chemotaxis,"chemotaxis, receptor, signal transduction",['Cell Wall & Envelope Biogenesis'],High,Well annotated chemotaxis receptor with typical domains; no EC number as expected; key for chemotaxis receptor grouping.
BFJEKD_07505,1-acyl-sn-glycerol-3-phosphate acyltransferase (PlsC),"K00655, K22617",-1.40787292618166,"Glycerophospholipid metabolism, Glycerolipid metabolism","lipid metabolism, glycerophospholipid biosynthesis, membrane enzyme, acyltransferase",['Cell Wall & Envelope Biogenesis'],High,Dual EC numbers reflect substrate versatility; extensive GO terms support membrane localization and lipid biosynthesis; key enzyme in phospholipid metabolism.
BFJEKD_11165,Restriction endonuclease,,-1.40258786168986,,"restriction endonuclease, DNA cleavage, restriction-modification system",['Amino Acid Biosynthesis'],Medium,GO terms support restriction endonuclease function; no KO or PFAM domain detected; likely part of bacterial defense system.
BFJEKD_14660,fructose-bisphosphate aldolase,K11645,-1.40014466860927,"Glycolysis / Gluconeogenesis, Citrate cycle (TCA cycle)","glycolysis, gluconeogenesis, carbohydrate metabolism, aldolase",['Secretion & Transport Systems'],High,"Complete annotation with KO, EC, GO, COG, and PFAM; key enzyme in central carbon metabolism; important for metabolic pathway grouping and expression analysis."
BFJEKD_14920,Sulfate transporter/antisigma-factor antagonist STAS,,-1.39054461222477,,"sulfate transport, regulatory domain, membrane protein",['Unknown & Hypothetical Proteins'],Low,Domain associated with sulfate transport and regulation; limited functional annotation.
BFJEKD_15985,glycogen debranching enzyme GlgX (isoamylase),"K01214, K02438",-1.38283598553558,Starch and sucrose metabolism,"glycogen metabolism, debranching enzyme, carbohydrate metabolism, hydrolase",['Cell Wall & Envelope Biogenesis'],High,Annotation includes multiple KO terms reflecting dual enzymatic activities. GO terms and PFAM domains support glycogen debranching function. Important for grouping in carbohydrate metabolism and glycogen utilization.
BFJEKD_02205,Exopolysaccharide synthesis protein ExoD,,-1.37905461445145,,"exopolysaccharide biosynthesis, cell envelope, membrane protein",['Unknown & Hypothetical Proteins'],Medium,Annotated as exopolysaccharide synthesis protein with COG and PFAM support; no KO or EC available.
BFJEKD_08840,MFS transporter (UMF2 family),K08219,-1.36958578900081,ABC transporters,"membrane transporter, MFS transporter, sugar transport, solute transport",['Amino Acid Biosynthesis'],High,Typical MFS transporter involved in sugar or solute transport across membrane; important for nutrient uptake and metabolite exchange.
BFJEKD_05360,Membrane protein involved in export of O-antigen and teichoic acid,,-1.36333734235624,Lipopolysaccharide biosynthesis,"membrane transporter, polysaccharide export, O-antigen biosynthesis",['Toxin-Antitoxin & Phage Defense'],Medium,Likely involved in polysaccharide export; no KO or EC but PFAM and COG support function.
BFJEKD_03685,Sulfotransferase,K01082,-1.36250385454039,Sulfur metabolism,"sulfur metabolism, sulfotransferase",['Secretion & Transport Systems'],High,GO and PFAM domain confirm sulfotransferase function; KO and EC inferred from domain and GO.
BFJEKD_14320,Hypothetical protein,,-1.34922112813965,,"hypothetical protein, unknown function",['Unknown & Hypothetical Proteins'],Low,No functional annotation or domain information available. Cannot assign function or pathway.
BFJEKD_01080,Propionyl CoA:succinate CoA transferase (itaconate CoA-transferase),K18288,-1.34825018141375,Propanoate metabolism,"CoA transferase, propanoate metabolism, metabolic enzyme",['Unknown & Hypothetical Proteins'],High,KO and PFAM domains confirm CoA transferase activity; EC number partial but consistent. Important for grouping in CoA metabolism and propanoate pathways.
BFJEKD_19640,methyl-accepting chemotaxis protein,K03406,-1.34784150593611,Bacterial chemotaxis,"chemotaxis, signal transduction, membrane receptor",['Amino Acid Biosynthesis'],High,Well-annotated chemotaxis receptor protein; key for environmental sensing and motility regulation.
BFJEKD_17115,Bifunctional diaminohydroxyphosphoribosylaminopyrimidine deaminase/5-amino-6-(5-phosphoribosylamino)uracil reductase RibD,K11752,-1.33896251859021,Riboflavin metabolism,"riboflavin biosynthesis, coenzyme metabolism, enzyme",['Amino Acid Biosynthesis'],High,"Complete multifunctional enzyme in riboflavin biosynthesis; strong evidence from KO, EC, GO, COG, and PFAM."
BFJEKD_15150,class I SAM-dependent methyltransferase,,-1.33243679589854,,"methyltransferase, SAM-dependent methyltransferase, post-translational modification",['Cell Wall & Envelope Biogenesis'],Medium,No KO or EC assigned; annotation based on PFAM and COG. Likely involved in methylation but exact substrate unknown. Useful for grouping methyltransferases.
BFJEKD_01715,cAMP-binding transcriptional regulator CRP,K21563,-1.32505202980565,Two-component system,"transcription regulator, cAMP-binding, signal transduction, CRP family",['Secretion & Transport Systems'],High,Duplicate of BFJEKD_01710 with identical annotations and strong evidence. Useful for transcriptional regulation and signal transduction grouping.
BFJEKD_04460,Asp-tRNA(Asn)/Glu-tRNA(Gln) amidotransferase subunit GatA,K02433,-1.32378192763892,Aminoacyl-tRNA biosynthesis,"aminoacyl-tRNA biosynthesis, translation, amidotransferase",['Toxin-Antitoxin & Phage Defense'],High,"Consistent annotation with KO, EC, GO, COG, and PFAM. Key subunit of amidotransferase complex for tRNA charging."
BFJEKD_00025,REP element-mobilizing transposase RayT,K07491,-1.31744365754888,Transposase and related proteins,"transposase, mobile genetic element, DNA binding, endonuclease",['Mobile Genetic Elements & Plasmid'],High,Well-annotated transposase involved in REP element mobilization; KO and GO terms consistent; important for genome plasticity and horizontal gene transfer.
BFJEKD_13380,tol-pal system protein YbgF (CpoB),,-1.31357957655414,,"cell division, envelope integrity, protein binding, Tol-Pal system",['Polyhydroxyalkanoates & Storage Lipids'],Medium,No KO or EC assigned; annotation based on domain and GO terms. Important for cell envelope constriction during division.
BFJEKD_11960,serine kinase,,-1.31206824834872,,"signal transduction, serine kinase, two-component system",['Secretion & Transport Systems'],Medium,Annotated with kinase-related GO terms and COG category; lacks KO and EC but PFAM domain supports kinase function.
BFJEKD_10165,Hypothetical protein,,-1.31135360804513,,"hypothetical protein, membrane protein",['Secretion & Transport Systems'],Low,No functional annotation or domain detected. Sequence suggests membrane localization (hydrophobic stretches).
BFJEKD_11180,MATE family efflux transporter,K26937,-1.30728786392518,ABC transporters,"membrane transporter, multidrug efflux, MATE family",['Amino Acid Biosynthesis'],High,"Well-annotated multidrug efflux transporter with KO, GO, COG, and PFAM domains; important for antibiotic resistance grouping."
BFJEKD_14880,NAD(+)-dinitrogen-reductase ADP-D-ribosyltransferase,K05951,-1.30597727056451,Nitrogen metabolism,"nitrogen fixation, post-translational modification, ADP-ribosyltransferase",['Cell Wall & Envelope Biogenesis'],High,"Complete annotation with EC, KO, GO, and PFAM; key enzyme regulating nitrogenase activity."
BFJEKD_14270,HAD family hydrolase,,-1.30522145785077,,"phosphatase, HAD superfamily, hydrolase",['Toxin-Antitoxin & Phage Defense'],Medium,No KO or EC assigned; annotation based on COG and PFAM domain indicating HAD family phosphatase activity; functional inference limited without GO or EC.
BFJEKD_13070,DUF1045 domain-containing protein,,-1.28999889013537,,"unknown function, DUF1045",['Amino Acid Biosynthesis'],Low,No functional annotation or ontology terms available; protein of unknown function.
BFJEKD_18685,Transposase,K07493,-1.28527460589848,Transposase,"transposase, mobile element, DNA recombination",['Cell Wall & Envelope Biogenesis'],High,KO K07493 corresponds to transposase; PFAM domain confirms function. No EC assigned as transposases lack EC numbers. Useful for grouping mobile genetic elements.
BFJEKD_08345,D-alanyl-D-alanine carboxypeptidase / endopeptidase (Penicillin-binding protein 4),K07259,-1.28091189884812,Peptidoglycan biosynthesis,"cell wall biosynthesis, penicillin-binding protein, peptidase, antibiotic resistance",['Unknown & Hypothetical Proteins'],High,Key enzyme in peptidoglycan remodeling; important for cell wall integrity and antibiotic resistance studies.
BFJEKD_16415,DUF2239 domain-containing protein,K09965,-1.27579927912023,,"uncharacterized protein, DUF2239, conserved hypothetical",['Cell Wall & Envelope Biogenesis'],Medium,KO assigned but no EC or GO terms; protein family DUF2239 with unknown function; conserved in bacteria.
BFJEKD_08085,Methyl-accepting chemotaxis protein Tar,K03406,-1.27126557678119,Bacterial chemotaxis,"chemotaxis, signal transduction, membrane receptor",['Secretion & Transport Systems'],High,"Consistent with BFJEKD_08080, full chemotaxis receptor profile. Useful for differential expression in chemotaxis pathways."
BFJEKD_07870,Heme exporter protein CcmB,K02194,-1.25027425022171,Oxidative phosphorylation,"heme export, cytochrome c biogenesis, membrane transporter, energy metabolism","['Protein Folding, Quality Control & Stress Response']",High,Functions with CcmC and CcmA in heme export for cytochrome c maturation; important for membrane transport and energy coupling.
BFJEKD_07500,L-ornithine Nalpha-acyltransferase,K22310,-1.24632483963064,Arginine and proline metabolism,"amino acid metabolism, acetyltransferase, ornithine modification",['Cell Wall & Envelope Biogenesis'],High,"Complete annotation with KO, EC, GO, COG, and PFAM consistent; suitable for grouping in amino acid metabolism and acyltransferase function."
BFJEKD_14395,ABC transporter permease,K02004,-1.22968863481807,ABC transporters,"ABC transporter, membrane permease, membrane transporter",['Secretion & Transport Systems'],Medium,Annotated as ABC transporter permease subunit with KO and PFAM domain. Lacks COG and GO terms beyond membrane localization. Group with ABC transporters for functional analysis.
BFJEKD_13385,tRNA(Ile)-lysidine synthase TilS/MesJ,K04075,-1.21275708629117,Aminoacyl-tRNA biosynthesis,"tRNA modification, translation, aminoacyl-tRNA biosynthesis, ligase",['Unknown & Hypothetical Proteins'],High,"Complete annotation with KO, EC, GO, and PFAM; key enzyme for tRNA modification affecting translation fidelity."
BFJEKD_04610,DUF423 domain-containing protein,,-1.20127069826765,,"membrane protein, unknown function, DUF domain",['Amino Acid Biosynthesis'],Medium,Protein contains a DUF423 domain with membrane localization GO terms; no KO or EC; function unknown but likely membrane-associated; useful to track as unknown membrane protein in expression studies.
BFJEKD_14960,chemotaxis protein CheR,K00575,-1.20062166833232,Bacterial chemotaxis,"chemotaxis, methyltransferase, signal transduction",['Amino Acid Biosynthesis'],High,"Complete annotation with KO, EC, GO, COG, and PFAM domains consistent with chemotaxis methyltransferase function; suitable for grouping under chemotaxis and signal transduction."
BFJEKD_09805,ABC transporter permease MlaE,K02066,-1.19911247013725,ABC transporters,"membrane transporter, ABC transporter, permease",['Secretion & Transport Systems'],High,Permease component of ABC transporter complex involved in lipid transport; KO and GO terms consistent.
BFJEKD_08545,hypothetical protein,,-1.19445775640413,,"hypothetical protein, unknown function",['Secretion & Transport Systems'],Low,No functional annotation or domain detected; sequence too short for confident prediction.
BFJEKD_14340,Lasso peptide biosynthesis B2 protein,,-1.19415838080988,,"peptide biosynthesis, post-translational modification, lasso peptide",['Cell Wall & Envelope Biogenesis'],Low,"Annotation limited by lack of KO, EC, and GO terms; PFAM domain suggests involvement in peptide modification, consistent with lasso peptide biosynthesis."
BFJEKD_11920,Conjugal transfer protein TraG,K03205,-1.19040258453001,Bacterial secretion system,"type IV secretion system, conjugation, membrane protein, DNA transfer","['Protein Folding, Quality Control & Stress Response']",High,Same annotation as BFJEKD_11915; KO and GO terms strongly support function in conjugative DNA transfer via type IV secretion.
BFJEKD_05160,ISXO2-like transposase,K07488,-1.18996959956754,Bacterial secretion system,"transposase, mobile genetic element, DNA recombination",['Cell Wall & Envelope Biogenesis'],High,KO and PFAM domains confirm transposase function; relevant for genome plasticity and horizontal gene transfer.
BFJEKD_13325,metallophosphoesterase,K09769,-1.18747430356212,Purine metabolism,"phosphodiesterase, nucleotide metabolism, metal ion binding",['Amino Acid Biosynthesis'],High,"Well-annotated metallophosphoesterase involved in nucleotide metabolism; supported by KO, EC, GO, COG, and PFAM."
BFJEKD_16585,DUF1345 domain-containing protein,,-1.17674683420175,,"uncharacterized protein, DUF1345",['Protein Processing & Degradation'],Low,No functional annotation available beyond domain and COG; likely hypothetical or poorly characterized protein.
BFJEKD_18680,restriction endonuclease,K07448,-1.15595145362935,DNA restriction-modification system,"restriction endonuclease, DNA cleavage, restriction-modification system",['Toxin-Antitoxin & Phage Defense'],High,KO and GO terms support function as restriction enzyme; PFAM domains consistent with DNA cleavage activity.
BFJEKD_04250,O-succinylbenzoic acid-CoA ligase (MenE),K01902,-1.15298799730896,Ubiquinone and other terpenoid-quinone biosynthesis,"coenzyme biosynthesis, ubiquinone biosynthesis, AMP-binding enzyme, ligase",['Amino Acid Biosynthesis'],High,Annotated as MenE involved in ubiquinone biosynthesis; KO inferred from product and PFAM domains; EC number assigned from KO.
BFJEKD_01070,GGDEF domain-containing diguanylate cyclase,K02051,-1.14785192066281,c-di-GMP signaling pathway,"signal transduction, c-di-GMP metabolism, diguanylate cyclase",['Secretion & Transport Systems'],High,KO and PFAM domains strongly support function as diguanylate cyclase involved in c-di-GMP signaling. Important for regulatory network analyses.
BFJEKD_08740,Cobaltochelatase subunit CobS,K09882,-1.14682030693465,Porphyrin and chlorophyll metabolism,"cobalamin biosynthesis, cobaltochelatase, enzyme complex, metabolism",['Unknown & Hypothetical Proteins'],High,Complete and consistent annotation for CobS subunit of cobaltochelatase involved in vitamin B12 biosynthesis.
BFJEKD_15350,Uncharacterized nucleotidyltransferase,,-1.14674275806592,,"nucleotidyltransferase, enzyme, nucleotide metabolism",['Toxin-Antitoxin & Phage Defense'],Medium,PFAM domain NTP_transf_5 indicates nucleotidyltransferase activity; no KO or EC assigned.
BFJEKD_17405,Magnesium/cobalt transporter CorA,K03284,-1.1358378339328,ABC transporters,"membrane transporter, magnesium transport, ion transport",['Cell Wall & Envelope Biogenesis'],High,KO annotation allows inference of pathway and function; key for ion homeostasis and metal ion uptake.
BFJEKD_11310,Molybdate ABC transporter permease subunit ModB,K02018,-1.13055551785721,ABC transporters,"ABC transporter, molybdate transport, permease, membrane transporter",['Polyhydroxyalkanoates & Storage Lipids'],High,Well-annotated permease subunit of molybdate ABC transporter. Essential for membrane transport functional grouping.
BFJEKD_14885,gamma-glutamylcyclotransferase,K00682,-1.12680649414953,Glutathione metabolism,"glutathione metabolism, transferase, amino acid metabolism",['Cell Wall & Envelope Biogenesis'],High,"Complete KO and EC annotations; involved in glutathione metabolism, useful for grouping under amino acid and redox metabolism."
BFJEKD_07520,rRNA maturation RNase YbeY,K07042,-1.10972985283512,Ribosome,"rRNA maturation, ribosome quality control, endoribonuclease, RNA processing",['Toxin-Antitoxin & Phage Defense'],High,"Complete annotation with KO, EC, GO, and COG consistent with rRNA maturation and ribosome quality control functions. Suitable for grouping under RNA metabolism and ribosome biogenesis."
BFJEKD_14665,ribulokinase,K00875,-1.10550155049453,"Pentose and glucuronate interconversions, Ascorbate and aldarate metabolism","carbohydrate metabolism, ribulokinase, kinase",['Secretion & Transport Systems'],High,"Well-annotated carbohydrate kinase with KO, EC, GO, COG, and PFAM domains; involved in pentose metabolism; relevant for carbohydrate metabolic pathway grouping."
BFJEKD_01040,Hemerythrin,K07216,-1.10381302554521,,"signal transduction, oxygen binding, two-component system",['Toxin-Antitoxin & Phage Defense'],Medium,Annotation supported by KO and PFAM domain; lacks EC number as expected; involved in oxygen sensing and signal transduction; useful for grouping in environmental response pathways.
BFJEKD_15005,GntR family transcriptional regulator FadR,"K05799, K14348",-1.09912658852519,"Phenylalanine metabolism, Two-component system","transcriptional regulator, metabolic regulation, GntR family",['Unknown & Hypothetical Proteins'],High,Well-annotated transcriptional regulator involved in repression of pyruvate dehydrogenase complex; useful for grouping regulators of central metabolism.
BFJEKD_13535,AbiV family abortive infection protein,,-1.0958128401279,,"abortive infection, phage resistance, defense mechanism",['Cell Wall & Envelope Biogenesis'],Medium,"No KO, GO, or PFAM domains; annotation based on product name only; useful for defense-related grouping."
BFJEKD_15115,two-component sensor histidine kinase DctB,K10125,-1.09019459547312,Two-component system,"two-component system, sensor kinase, signal transduction",['Secretion & Transport Systems'],High,Complete annotation; sensor kinase partner of DctD in C4-dicarboxylate transport regulation.
BFJEKD_10505,Flagellar hook-capping protein FlgD,K02389,-1.07846715599556,Flagellar assembly,"flagellar assembly, motility, scaffolding protein",['Unknown & Hypothetical Proteins'],High,Complete annotation with KO and COG supporting flagellar hook assembly function; no EC number as expected.
BFJEKD_13785,Lrp/AsnC family transcriptional regulator,,-1.07356068490467,,"transcriptional regulator, global regulator",['Amino Acid Biosynthesis'],Medium,Lrp/AsnC family regulators are global transcriptional regulators; no KO but consistent GO and COG annotations.
BFJEKD_10510,Flagellar hook-length control protein FliK,,-1.06877739530387,Flagellar assembly,"flagellar assembly, motility, hook-length control",['Unknown & Hypothetical Proteins'],Medium,No KO or COG assigned but PFAM and product name strongly support flagellar hook-length control function.
BFJEKD_19715,Major Facilitator Superfamily (MFS) transporter,,-1.06765096000007,,"membrane transporter, MFS family, solute transport",['Amino Acid Biosynthesis'],Medium,No KO or COG assigned; GO and PFAM support MFS transporter function; useful for membrane transport grouping.
BFJEKD_01660,UPF0761 membrane protein Rru_A2625 (Virulence factor BrkB),K07058,-1.06607062780966,,"membrane protein, virulence factor, transport, pathogenesis",['Metal & Ion Homeostasis'],Medium,Virulence-associated membrane protein with KO and PFAM domain supporting role in membrane localization and virulence; lacks EC number; functional role inferred from domain and GO.
BFJEKD_00075,Transposase Tn3 family protein containing DUF4158 domain,,-1.06554023247086,,"transposase, mobile genetic element, DNA recombination",['DNA Recombination & Repair'],Medium,Contains Tn3 family transposase domain; no KO or GO; likely involved in transposition and genome plasticity.
BFJEKD_03130,4'-phosphopantetheinyl transferase (Sfp),K06133,-1.04965698927256,Pantothenate and CoA biosynthesis,"coenzyme biosynthesis, posttranslational modification, transferase, pantothenate metabolism",['Unknown & Hypothetical Proteins'],High,"Complete annotation with KO, EC, COG, PFAM and relevant GO terms. Key enzyme for CoA biosynthesis and activation of carrier proteins; important for grouping in metabolic and posttranslational modification categories."
BFJEKD_00675,Thiazole synthase / sulfur carrier protein ThiG/ThiS,"K03149, K03154",-1.04083635941493,Thiamine metabolism,"thiamine biosynthesis, coenzyme metabolism, sulfur metabolism",['Cofactors & Vitamin Metabolism'],High,Merged annotations for ThiG and ThiS domains; KO and EC consistent; key enzyme in vitamin B1 biosynthesis pathway.
BFJEKD_05880,PTS fructose transporter subunit IIA,K02793,-1.03980352856814,Fructose and mannose metabolism,"fructose transporter, PTS system, membrane transporter, EIIA component, carbohydrate metabolism",['Cell Wall & Envelope Biogenesis'],High,Specific for mannose/fructose PTS; annotations support its role in sugar uptake.
BFJEKD_03740,adenylate kinase,,-1.02941043718736,,"adenylate kinase, nucleotide metabolism, energy metabolism, phosphotransferase",['Toxin-Antitoxin & Phage Defense'],Medium,COG and sequence support adenylate kinase function; EC number inferred from known enzyme activity; no KO or PFAM domain detected.
BFJEKD_05060,Two-component response regulator (NarL subfamily),K07636,-1.02712570018168,Two-component system,"two-component system, response regulator, signal transduction",['Amino Acid Biosynthesis'],Medium,KO and pathway inferred from protein name and typical function; no PFAM domains detected but sequence matches NarL subfamily.
BFJEKD_12145,Sulfotransferase,,-1.02415894946689,,"sulfotransferase, post-translational modification, sulfur metabolism",['Secretion & Transport Systems'],Medium,Sulfotransferase domain present with GO evidence; no KO or COG; likely involved in sulfur group transfer reactions.
BFJEKD_07515,Phosphate starvation-inducible protein PhoH,K06217,-1.01634568805726,,"stress response, phosphate starvation, ATPase, RNA binding",['Toxin-Antitoxin & Phage Defense'],Medium,Function inferred from KO and PFAM; lacks EC and KEGG pathway; involved in phosphate starvation response and possibly RNA metabolism.
BFJEKD_18100,HicB family antitoxin,K18843,-1.01509404240806,Bacterial toxin-antitoxin system,"toxin-antitoxin system, antitoxin, transcriptional regulator",['Unknown & Hypothetical Proteins'],High,"Well annotated with KO, COG, PFAM, and GO terms consistent with antitoxin function in toxin-antitoxin systems."
BFJEKD_16005,DNA alkylation repair protein AlkC,,-1.01454305347023,,"DNA repair, alkylation repair enzyme",['Secretion & Transport Systems'],Medium,Annotated as DNA alkylation repair protein with COG and PFAM support; no KO or EC assigned.
BFJEKD_13780,transcriptional regulator IscR,,-1.01085154527136,,"transcriptional regulator, iron-sulfur cluster regulation",['Unknown & Hypothetical Proteins'],Medium,IscR is a known transcriptional regulator involved in iron-sulfur cluster biogenesis; no KO assigned but strong GO and COG support.
BFJEKD_04080,Nucleotidyltransferase (hypothetical protein),,-1.00783531851766,,"nucleotidyltransferase, nucleotide metabolism",['Cell Wall & Envelope Biogenesis'],Medium,Uncharacterized nucleotidyltransferase with PFAM domain; no KO or EC assigned due to lack of specific function.
BFJEKD_08710,Restriction endonuclease Mrr,K07448,-1.00615129631099,DNA Mismatch Repair,"restriction endonuclease, DNA modification, restriction-modification system",['Unknown & Hypothetical Proteins'],High,Well-annotated restriction enzyme involved in DNA modification and defense; useful for grouping in DNA repair and restriction systems.
BFJEKD_04640,Chemotaxis phosphatase CheZ,K03414,-1.00188170035046,Bacterial chemotaxis,"chemotaxis, signal transduction, phosphatase",['Toxin-Antitoxin & Phage Defense'],High,Complete KO and PFAM domain support chemotaxis phosphatase function; useful for grouping in motility and signal transduction categories.
BFJEKD_01490,Diguanylate cyclase,K01999,-1.00083270846634,Two-component system,"signal transduction, diguanylate cyclase, second messenger synthesis, membrane-associated",['Unknown & Hypothetical Proteins'],High,Strong annotation supported by PFAM domain and GO terms; KO inferred from domain and function.
